{
  "rows": 21,
  "cols": 20,
  "y_centers": [
    26.31363518580429,
    65.12809400509535,
    104.30791301090784,
    143.38998671071553,
    183.27205295438435,
    222.7012456927587,
    262.0407820676632,
    301.8331833443187,
    340.4769173293042,
    378.7586681060947,
    417.2205552316059,
    455.6276385484259,
    493.48593555532017,
    531.5869921566391,
    569.6703569913284,
    613.6826800769451,
    657.6950031625618,
    701.7073262481784,
    740.5217850674695,
    779.3362438867606,
    818.1507027060517
  ],
  "col_stride": 40.81447851222939,
  "cells": [
    [
      ".",
      ".",
      ".",
      ".",
      ".",
      ".",
      "#",
      ".",
      ".",
      ".",
      ".",
      ".",
      ".",
      ".",
      "#",
      ".",
      ".",
      ".",
      ".",
      "."
    ],
    [
      "#",
      ".",
      ".",
      ".",
      ".",
      ".",
      ".",
      "#",
      ".",
      ".",
      ".",
      ".",
      ".",
      "#",
      ".",
      ".",
      ".",
      ".",
      ".",
      "."
    ],
    [
      "#",
      ".",
      ".",
      ".",
      ".",
      ".",
      "#",
      ".",
      ".",
      ".",
      ".",
      ".",
      ".",
      ".",
      "#",
      ".",
      ".",
      ".",
      ".",
      "."
    ],
    [
      ".",
      ".",
      ".",
      ".",
      ".",
      ".",
      ".",
      "#",
      ".",
      ".",
      ".",
      ".",
      ".",
      "#",
      ".",
      ".",
      ".",
      ".",
      ".",
      "."
    ],
    [
      ".",
      ".",
      ".",
      ".",
      ".",
      ".",
      "#",
      ".",
      ".",
      ".",
      ".",
      ".",
      ".",
      ".",
      "#",
      ".",
      ".",
      ".",
      ".",
      "."
    ],
    [
      ".",
      ".",
      ".",
      ".",
      ".",
      ".",
      ".",
      "#",
      ".",
      "#",
      ".",
      "#",
      ".",
      ".",
      ".",
      ".",
      ".",
      ".",
      ".",
      "."
    ],
    [
      "#",
      ".",
      "#",
      ".",
      "#",
      ".",
      ".",
      ".",
      ".",
      ".",
      "#",
      ".",
      "#",
      ".",
      ".",
      ".",
      ".",
      "#",
      ".",
      "#"
    ],
    [
      ".",
      "#",
      ".",
      "#",
      ".",
      "#",
      ".",
      "#",
      ".",
      ".",
      ".",
      ".",
      ".",
      ".",
      ".",
      "#",
      ".",
      ".",
      "#",
      "."
    ],
    [
      ".",
      ".",
      ".",
      ".",
      ".",
      ".",
      ".",
      ".",
      "#",
      ".",
      ".",
      ".",
      ".",
      ".",
      ".",
      ".",
      ".",
      ".",
      ".",
      "."
    ],
    [
      ".",
      ".",
      ".",
      ".",
      ".",
      "#",
      ".",
      ".",
      ".",
      ".",
      ".",
      ".",
      ".",
      ".",
      ".",
      ".",
      ".",
      ".",
      ".",
      "."
    ],
    [
      ".",
      ".",
      ".",
      ".",
      ".",
      ".",
      "#",
      ".",
      ".",
      ".",
      ".",
      ".",
      ".",
      ".",
      ".",
      ".",
      ".",
      ".",
      ".",
      "."
    ],
    [
      ".",
      ".",
      ".",
      ".",
      ".",
      "#",
      ".",
      ".",
      ".",
      ".",
      ".",
      ".",
      ".",
      ".",
      ".",
      ".",
      ".",
      ".",
      ".",
      "."
    ],
    [
      ".",
      ".",
      ".",
      ".",
      ".",
      ".",
      "#",
      ".",
      ".",
      ".",
      ".",
      ".",
      "#",
      ".",
      ".",
      ".",
      ".",
      ".",
      ".",
      "."
    ],
    [
      ".",
      "#",
      ".",
      "#",
      ".",
      "#",
      ".",
      ".",
      ".",
      ".",
      ".",
      ".",
      ".",
      ".",
      "#",
      ".",
      "#",
      ".",
      "#",
      "."
    ],
    [
      "#",
      ".",
      "#",
      ".",
      "#",
      ".",
      ".",
      ".",
      "#",
      ".",
      "#",
      ".",
      ".",
      ".",
      ".",
      "#",
      ".",
      "#",
      ".",
      "#"
    ],
    [
      ".",
      ".",
      ".",
      ".",
      ".",
      ".",
      ".",
      "#",
      ".",
      "#",
      ".",
      "#",
      ".",
      ".",
      ".",
      ".",
      ".",
      ".",
      ".",
      "."
    ],
    [
      ".",
      ".",
      ".",
      ".",
      ".",
      ".",
      "#",
      ".",
      ".",
      ".",
      ".",
      ".",
      ".",
      ".",
      ".",
      ".",
      ".",
      ".",
      ".",
      "."
    ],
    [
      ".",
      ".",
      ".",
      ".",
      ".",
      ".",
      ".",
      "#",
      ".",
      ".",
      ".",
      ".",
      ".",
      ".",
      ".",
      ".",
      ".",
      ".",
      ".",
      "."
    ],
    [
      ".",
      ".",
      ".",
      ".",
      ".",
      ".",
      "#",
      ".",
      "#",
      ".",
      ".",
      ".",
      ".",
      ".",
      ".",
      ".",
      ".",
      ".",
      ".",
      "."
    ],
    [
      ".",
      ".",
      ".",
      ".",
      ".",
      ".",
      ".",
      "#",
      ".",
      ".",
      ".",
      ".",
      ".",
      ".",
      ".",
      ".",
      ".",
      ".",
      ".",
      "."
    ],
    [
      ".",
      ".",
      ".",
      ".",
      ".",
      ".",
      "#",
      ".",
      "#",
      "#",
      "#",
      "#",
      "#",
      "#",
      "#",
      "#",
      "#",
      "#",
      "#",
      "#"
    ]
  ]
}